ID,dd_ndtv_cent,dd_tn_cent,dd_ndtv_emo,dd_tn_emo,dd_ndtv_emotion_score,dd_times_emotion_score,,,dd weighted attention,times weighted attention,ndtv weighted attention
0,0.222222222,0.153515791,0.143620033,0.860880398,"{'sadness': 0.13127175000000002, 'joy': 0.08981708333333335, 'fear': 0.13573216666666668, 'disgust': 0.3068889166666667, 'anger': 0.05439025}","{'sadness': 0.9301924814814815, 'joy': 1.8668583240740741, 'fear': 0.4489195555555555, 'disgust': 0.4015920740740741, 'anger': 0.6568395555555555}",,,0.59945508,0.494710385,0.770256414
1,0.091666667,0.247619048,0.377937475,0.390016783,"{'sadness': 0.5294333750000001, 'joy': 0.25860075, 'fear': 0.6075125000000001, 'disgust': 0.3491295, 'anger': 0.14501124999999998}","{'sadness': 0.18004241666666665, 'joy': 0.25600025, 'fear': 0.7569746666666667, 'disgust': 0.5598623333333334, 'anger': 0.19720425000000003}",,,0.493020704,0.859124127,0.598554472
2,0,0.079321946,0.178013289,0.276558092,"{'sadness': 0.35916244444444445, 'joy': 0.19033933333333333, 'fear': 0.11742288888888888, 'disgust': 0.13509411111111114, 'anger': 0.08804766666666666}","{'sadness': 0.574319, 'joy': 0.4117569166666666, 'fear': 0.21255495833333338, 'disgust': 0.13022033333333333, 'anger': 0.05393924999999998}",,,0.632930253,0.824151942,0.990339987
3,0.078249635,0.266919783,0.361520367,0.6557682,"{'sadness': 0.3595600833333333, 'joy': 0.3215935833333334, 'fear': 0.16538358333333333, 'disgust': 0.3451109166666667, 'anger': 0.6159536666666668}","{'sadness': 0.47731641666666674, 'joy': 0.541878, 'fear': 0.13983408333333333, 'disgust': 0.5174674166666667, 'anger': 1.6023450833333335}",,,0.393007977,0.591065504,1.027337175
4,0.09589823,0.354795821,0.4437991,0.2126769,"{'sadness': 1.0191615, 'joy': 0.5017261000000001, 'fear': 0.11420269999999998, 'disgust': 0.15671569999999999, 'anger': 0.4271895}","{'sadness': 0.4014459999999999, 'joy': 0.2442419375, 'fear': 0.08430624999999997, 'disgust': 0.19918075, 'anger': 0.1342095625}",,,0.468312977,1.455740717,0.642803666
5,0.06031746,0.036765703,0.350799767,0.392107917,"{'sadness': 0.39699366666666663, 'joy': 0.4538118333333333, 'fear': 0.11641583333333333, 'disgust': 0.23931566666666665, 'anger': 0.5474618333333335}","{'sadness': 0.35570574999999993, 'joy': 0.5756024166666667, 'fear': 0.20284583333333336, 'disgust': 0.3029184999999999, 'anger': 0.5234670833333332}",,,0.394128387,0.331852756,0.602324171
6,0.249700506,0.23241759,0.707861555,0.438188043,"{'sadness': 0.7838183928571429, 'joy': 0.5766231476190475, 'fear': 0.40130272857142857, 'disgust': 1.1239992666666665, 'anger': 0.653564238095238}","{'sadness': 0.5308024166666667, 'joy': 0.3077717333333333, 'fear': 0.4685109666666667, 'disgust': 0.5942392666666667, 'anger': 0.2896158333333333}",,,0.96044385,0.315713982,0.556336064
7,0.20515873,0.224236874,0.549339322,0.085919867,"{'sadness': 0.1603365555555555, 'joy': 0.9392602222222222, 'fear': 0.25780777777777775, 'disgust': 0.9516014444444445, 'anger': 0.437690611111111}","{'sadness': 0.044914633333333315, 'joy': 0.3286412333333334, 'fear': 0.0018198333333333538, 'disgust': 0.04573926666666664, 'anger': 0.00848436666666666}",,,0.660787296,0.385807357,0.504642913
8,0,0.062657596,0.313186433,0.344232527,"{'sadness': 0.31358125, 'joy': 0.330098, 'fear': 0.06380758333333333, 'disgust': 0.42652275000000006, 'anger': 0.43192258333333344}","{'sadness': 0.43437496388888885, 'joy': 0.6837508361111112, 'fear': 0.11113649722222224, 'disgust': 0.2999250361111111, 'anger': 0.1919753027777778}",,,0.838752116,0.464141691,0.769434155
9,0.222685185,0.041765873,0.73070996,0.756952684,"{'sadness': 0.7106410000000001, 'joy': 1.0538278, 'fear': 1.1938763666666667, 'disgust': 0.24992886666666664, 'anger': 0.44527576666666663}","{'sadness': 1.3735857404761909, 'joy': 0.9424840595238096, 'fear': 0.5916887507936509, 'disgust': 0.4054290753968254, 'anger': 0.4715757936507936}",,,1.184662448,0.725622308,0.437568939
10,0.193299054,0.21,0.363004033,0.47418588,"{'sadness': 0.1346910666666667, 'joy': 0.09523179999999999, 'fear': 1.0183546, 'disgust': 0.3439840666666667, 'anger': 0.22275863333333332}","{'sadness': 0.1241196, 'joy': 0.5897876, 'fear': 1.00817, 'disgust': 0.45165719999999987, 'anger': 0.197195}",,,0.634909142,0.490695632,0.586017177
11,0.346679842,0.106459332,1.093393113,0.404432588,"{'sadness': 1.4210480333333335, 'joy': 1.5845601, 'fear': 0.5128539999999999, 'disgust': 1.2369894000000001, 'anger': 0.7115140333333334}","{'sadness': 0.40887733888888894, 'joy': 0.3599903944444445, 'fear': 0.4265956111111111, 'disgust': 0.6860720666666668, 'anger': 0.1406275277777778}",,,0.609770185,0.684727813,0.52458684
12,0.142518313,0.11375,0.69647671,0.90413885,"{'sadness': 0.95686775, 'joy': 1.4290821833333336, 'fear': 0.17046069999999997, 'disgust': 0.4661495, 'anger': 0.45982341666666665}","{'sadness': 1.2717329166666667, 'joy': 1.7352506666666665, 'fear': 0.3202565833333333, 'disgust': 0.80046475, 'anger': 0.39298933333333336}",,,0.732235751,0.247731739,0.681919449
13,0,0.207560297,0.6549188,0.51056336,"{'sadness': 0.389534625, 'joy': 0.9581063333333335, 'fear': 0.12267087500000001, 'disgust': 0.6131484583333333, 'anger': 1.1911337083333333}","{'sadness': 0.5219527333333334, 'joy': 0.4229976333333333, 'fear': 0.32456913333333337, 'disgust': 0.9189136, 'anger': 0.3643837}",,,0.376351769,0.464141691,0.769434155
14,0,0,0.0613244,0,"{'sadness': 0.04012133333333334, 'joy': 0.1419176666666667, 'fear': 0.02682433333333334, 'disgust': 0.06780266666666665, 'anger': 0.029956000000000003}",0,,,0,0,0.046842747
15,0.1575,0.193518519,0.567050198,0.263489231,"{'sadness': 0.7955475000000001, 'joy': 1.0059240416666666, 'fear': 0.21195461666666665, 'disgust': 0.25313795833333336, 'anger': 0.568686875}","{'sadness': 0.09536293055555556, 'joy': 0.5333056319444446, 'fear': 0.03882418055555553, 'disgust': 0.21474456249999999, 'anger': 0.43520884722222225}",,,0.116014482,0.034517908,0.005986806
16,0.123906406,0.134529514,0.758998783,0.811797587,"{'sadness': 1.4345832837301589, 'joy': 1.0841800734126985, 'fear': 0.15631764087301592, 'disgust': 0.8387475357142857, 'anger': 0.2811653809523809}","{'sadness': 0.9968854821428572, 'joy': 1.2530919503968254, 'fear': 0.2741877698412698, 'disgust': 0.8309822166666667, 'anger': 0.7038405138888888}",,,1.305775921,0.77354732,0.804137617
17,0.67235379,0.69047619,0.238227667,0.4515266,"{'sadness': 0.2904330000000001, 'joy': 0.25447366666666665, 'fear': 0.34250616666666667, 'disgust': 0.11899633333333338, 'anger': 0.18472916666666672}","{'sadness': 0.13408466666666669, 'joy': 0.8434618333333334, 'fear': 0.5510113333333333, 'disgust': 0.2489378333333333, 'anger': 0.4801373333333334}",,,0.61403857,0.464141691,1.229898752
18,0.17762605,0.181605976,0.711519533,0.624091958,"{'sadness': 0.9554221666666667, 'joy': 1.0580198333333333, 'fear': 0.5224511666666667, 'disgust': 0.3098608333333333, 'anger': 0.7118436666666665}","{'sadness': 1.4044810416666667, 'joy': 0.7326852083333333, 'fear': 0.2977559583333333, 'disgust': 0.395306375, 'anger': 0.2902312083333333}",,,0.327634062,0.464141691,0.447559842
19,0.173095898,0.10469697,0.452598077,0.558893665,"{'sadness': 1.0775048928571431, 'joy': 0.3714744285714286, 'fear': 0.09483833333333336, 'disgust': 0.3965261071428572, 'anger': 0.3226466250000002}","{'sadness': 0.3910836000000001, 'joy': 1.1061093047619046, 'fear': 0.2984937261904762, 'disgust': 0.3318502166666667, 'anger': 0.6669314761904761}",,,0.940980881,0.77354732,0.804137617
20,0.374142871,0.222791994,0.073124483,0.526385822,"{'sadness': 0.03485483333333339, 'joy': 0.042145666666666665, 'fear': 0.08853733333333329, 'disgust': 0.017263083333333318, 'anger': 0.1828215}","{'sadness': 0.6987320833333338, 'joy': 0.6732834999999999, 'fear': 0.2521005277777777, 'disgust': 0.7065450555555556, 'anger': 0.30126794444444444}",,,1.16760988,0.464141691,0.410284809
21,0,0.171034483,0.3184567,1.063316733,"{'sadness': 0.3175198333333334, 'joy': 0.1501336666666667, 'fear': 0.5528774999999999, 'disgust': 0.22410550000000007, 'anger': 0.3476470000000001}","{'sadness': 2.524757083333333, 'joy': 0.16022883333333335, 'fear': 1.7551408333333336, 'disgust': 0.3161411666666667, 'anger': 0.5603157499999999}",,,0.853157032,0.712632872,0.838934687
22,0.221204972,0.31343501,0.9536719,0.654620591,"{'sadness': 1.4397417777777775, 'joy': 1.1456777777777776, 'fear': 0.92342775, 'disgust': 0.6490891111111111, 'anger': 0.6104230833333333}","{'sadness': 0.5354642261904763, 'joy': 0.6381930317460317, 'fear': 0.4279906746031746, 'disgust': 0.7819031309523811, 'anger': 0.889551892857143}",,,0.984611465,0.911018976,0.562411815
23,0.189393939,0.117984812,0.291438567,0.443507243,"{'sadness': 0.14615183333333343, 'joy': 0.10491750000000001, 'fear': 0.4622536666666667, 'disgust': 0.1950491666666667, 'anger': 0.5488206666666666}","{'sadness': 0.41468668333333353, 'joy': 0.2558159166666667, 'fear': 0.15358365000000002, 'disgust': 0.46924696666666665, 'anger': 0.9242029999999999}",,,0.644932567,0.511206509,0.454373212
24,0.153384388,0.096779862,0.745511683,0.683811758,"{'sadness': 0.6192859722222221, 'joy': 1.0901653055555556, 'fear': 0.47591525, 'disgust': 1.0088768055555555, 'anger': 0.5333150833333333}","{'sadness': 0.39535014583333317, 'joy': 0.989445375, 'fear': 0.4196490208333334, 'disgust': 1.1155948125, 'anger': 0.49901943749999994}",,,0.882275423,0.737414873,0.522179725
25,0.236118627,0.203550061,0.941375567,0.525810283,"{'sadness': 1.459832166666667, 'joy': 2.0072672083333334, 'fear': 0.4577824583333333, 'disgust': 0.2546632916666667, 'anger': 0.5273327083333333}","{'sadness': 1.13903125, 'joy': 0.6705428333333334, 'fear': 0.3552335, 'disgust': 0.3625466666666667, 'anger': 0.10169716666666669}",,,0.558200694,0.592694782,0.584616584
26,0.416666667,0.416666667,0.246192633,0.3962307,"{'sadness': 0.3003215, 'joy': 0.21418666666666666, 'fear': 0.20515499999999998, 'disgust': 0.38475249999999994, 'anger': 0.12654750000000003}","{'sadness': 0.584628375, 'joy': 0.5247980000000001, 'fear': 0.152681375, 'disgust': 0.4931551249999999, 'anger': 0.22589062499999998}",,,0.727185814,0.272824134,0.579443356
27,0.117413999,0.060942761,0.54360295,0.670588125,"{'sadness': 0.4998694166666667, 'joy': 0.20119900000000002, 'fear': 1.3178163333333333, 'disgust': 0.33623499999999995, 'anger': 0.362895}","{'sadness': 0.8709318749999999, 'joy': 0.18312237499999998, 'fear': 0.6311285, 'disgust': 0.35955012499999994, 'anger': 1.3082077499999998}",,,0.433603581,0.626231473,0.618757952
28,0.136385099,0.143293262,0.8729295,0.1742755,"{'sadness': 1.2732876388888887, 'joy': 0.4009286666666666, 'fear': 0.2948469444444444, 'disgust': 1.164546111111111, 'anger': 1.231038138888889}","{'sadness': 0.0785515, 'joy': 0.2853204166666667, 'fear': 0.04144816666666665, 'disgust': 0.31586116666666664, 'anger': 0.1501962500000001}",,,0.790237412,0.427150176,1.057108788
29,0.203174603,0.170079365,0.7847883,0.607003517,"{'sadness': 0.8204655000000001, 'joy': 0.8385564999999999, 'fear': 0.14807066666666668, 'disgust': 0.7213648333333333, 'anger': 1.3954839999999997}","{'sadness': 0.6990029166666667, 'joy': 0.47922200000000004, 'fear': 0.40990195833333337, 'disgust': 0.47786991666666667, 'anger': 0.9690207916666665}",,,0.810725519,0.643337328,0.859325525
30,0.929824561,0.059103178,0.61625975,0.448046943,"{'sadness': 1.2032552499999998, 'joy': 0.42387199999999997, 'fear': 0.1517555, 'disgust': 0.48909099999999994, 'anger': 0.8133250000000001}","{'sadness': 0.5669900666666666, 'joy': 0.3612666666666666, 'fear': 0.33758478333333336, 'disgust': 0.38024325000000003, 'anger': 0.5941499499999998}",,,0.557929231,0.789117731,0.463933181
31,0,0,0,0.204001907,0,"{'sadness': 0.8247901333333334, 'joy': 0.07167479999999998, 'fear': 0.05899926666666669, 'disgust': 0.04470413333333331, 'anger': 0.019841199999999976}",,,0.928278919,0.460316609,0.974544218
32,0.270954831,0.208091473,0.547255167,0.609382325,"{'sadness': 0.8746129999999999, 'joy': 0.4811425833333334, 'fear': 0.2897164166666667, 'disgust': 0.7083030833333332, 'anger': 0.3825007499999999}","{'sadness': 0.5007247083333333, 'joy': 0.6037185416666666, 'fear': 0.1782149583333333, 'disgust': 0.5229797916666667, 'anger': 1.2412736249999998}",,,0.705220216,0.427150176,1.057108788
33,0.105936513,0.069431836,1.033148667,1.557039907,"{'sadness': 1.5636299999999999, 'joy': 0.9724674166666667, 'fear': 0.8652129999999999, 'disgust': 0.6791562500000001, 'anger': 1.0852766666666667}","{'sadness': 3.1075975277777776, 'joy': 2.8641002777777778, 'fear': 0.5667285079365079, 'disgust': 0.9391265, 'anger': 0.3076467222222222}",,,0.470514143,0.866889222,0.65283293
34,0,0.077651314,0,0.199652338,0,"{'sadness': 0.24734759523809524, 'joy': 0.2848648571428572, 'fear': 0.039797833333333324, 'disgust': 0.23759840476190472, 'anger': 0.18865300000000004}",,,0.898867364,0.460316609,0.181768752
35,0.104256095,0.082635618,0.783425077,0.728801398,"{'sadness': 1.1256957500000002, 'joy': 0.39756555000000005, 'fear': 0.32829220000000003, 'disgust': 1.43963555, 'anger': 0.6259363333333332}","{'sadness': 0.7456036666666666, 'joy': 0.8679529208333335, 'fear': 0.47158359999999994, 'disgust': 1.1813152749999998, 'anger': 0.37755152916666673}",,,0.46448653,0.547462982,1.185251742
36,0.075132275,0.158836925,0.566832507,0.656646291,"{'sadness': 0.9324135500000001, 'joy': 0.6069952666666667, 'fear': 0.38352385000000005, 'disgust': 0.6175422666666666, 'anger': 0.2936876}","{'sadness': 0.4290029283730158, 'joy': 0.6123683984126983, 'fear': 0.7299200454365079, 'disgust': 0.6720424182539684, 'anger': 0.8398976642857143}",,,0.741767399,0.564076788,0.674031819
37,0.05,0.134004709,0.486963025,0.445283802,"{'sadness': 0.5034441249999999, 'joy': 0.30657124999999996, 'fear': 0.41389224999999996, 'disgust': 0.3487871250000001, 'anger': 0.8621203749999999}","{'sadness': 0.7486672401785714, 'joy': 0.2768664151785714, 'fear': 0.43787279047619054, 'disgust': 0.3607035589285715, 'anger': 0.4023090050595238}",,,0.301226054,0.564076788,0.570300712
38,0.164991435,0.226334333,0.55458579,0.469860572,"{'sadness': 0.9500946000000003, 'joy': 0.6775747, 'fear': 0.5048201833333332, 'disgust': 0.2988433333333334, 'anger': 0.3415961333333333}","{'sadness': 0.7603728125000001, 'joy': 0.6074853791666668, 'fear': 0.3248187916666666, 'disgust': 0.23644345416666673, 'anger': 0.42018242083333335}",,,0.326798327,0.627520722,0.551496214
39,0.201569264,0.232256077,0.527992783,0.96450455,"{'sadness': 0.3866264166666666, 'joy': 0.2683976666666667, 'fear': 0.42147358333333335, 'disgust': 0.9738156666666666, 'anger': 0.5896505833333332}","{'sadness': 0.7294765833333334, 'joy': 0.33543949999999995, 'fear': 0.5029998333333333, 'disgust': 1.596769833333333, 'anger': 1.657837}",,,0.599442576,0.526235925,0.294226118
40,0.259293984,0.207821411,0.352436919,0.432869836,"{'sadness': 0.23287493452380958, 'joy': 0.3921710357142857, 'fear': 0.16591095833333333, 'disgust': 0.5144302083333332, 'anger': 0.4567974583333334}","{'sadness': 0.26808389285714285, 'joy': 0.38248303571428566, 'fear': 0.17752325000000002, 'disgust': 1.111932, 'anger': 0.22432699999999994}",,,0.470406342,1.004693281,1.230756741
41,0.047665466,0.134443072,0.822413497,0.442112342,"{'sadness': 1.2587243928571428, 'joy': 0.5660937, 'fear': 0.6932393023809523, 'disgust': 0.42900622619047624, 'anger': 1.1650038642857146}","{'sadness': 0.6774598613945579, 'joy': 0.4111761804421768, 'fear': 0.41520792244897964, 'disgust': 0.3092178304421769, 'anger': 0.3974999176870747}",,,0.917901454,0.564076788,0.570300712
42,0.295238095,0.1516242,0.53799635,0.620381782,"{'sadness': 0.68697175, 'joy': 0.8374650833333335, 'fear': 0.36624674999999995, 'disgust': 0.25345283333333335, 'anger': 0.5458453333333334}","{'sadness': 1.0446378833333334, 'joy': 0.7064099916666666, 'fear': 0.472590925, 'disgust': 0.5101738916666667, 'anger': 0.3680962166666667}",,,0.876452272,0.653789552,0.702031056
43,0.083997253,0.134815022,0.279598845,0.469486629,"{'sadness': 0.3483427388888886, 'joy': 0.447668231111111, 'fear': 0.25558560666666663, 'disgust': 0.2102471877777778, 'anger': 0.13615046222222224}","{'sadness': 1.0780845388888887, 'joy': 0.558399712962963, 'fear': 0.43354803888888893, 'disgust': 0.08165017592592592, 'anger': 0.1957506777777778}",,,1.659428074,0.544140179,0.39897616
44,0.223920338,0.233332137,0.431843853,0.381363169,"{'sadness': 0.4212418291666665, 'joy': 0.5897128041666666, 'fear': 0.3144406458333333, 'disgust': 0.5171916666666667, 'anger': 0.31663232083333326}","{'sadness': 0.4550870666666666, 'joy': 0.40865859444444447, 'fear': 0.3895484944444444, 'disgust': 0.45919868888888893, 'anger': 0.19432299999999997}",,,0.819649302,0.701955282,0.595522776
45,0.265266192,0.320684524,0.34192405,0.4018407,"{'sadness': 0.29047387500000005, 'joy': 0.5816649583333332, 'fear': 0.157452125, 'disgust': 0.21507254166666667, 'anger': 0.46495675000000003}","{'sadness': 0.5280595833333335, 'joy': 0.9159280833333332, 'fear': 0.12437916666666672, 'disgust': 0.23104, 'anger': 0.20979666666666666}",,,0.709978043,0.903998878,0.731168862
46,0,0.078630104,0.161850133,0.400782448,"{'sadness': 0.11896400000000001, 'joy': 0.40079033333333336, 'fear': 0.019692000000000008, 'disgust': 0.24701099999999998, 'anger': 0.022793333333333318}","{'sadness': 0.6491266777777778, 'joy': 0.7893520911111112, 'fear': 0.23939510444444448, 'disgust': 0.14838200222222223, 'anger': 0.1776563622222222}",,,0.606355861,0.69523303,0.776517521
47,0,0.366071429,0.5566342,0.37873925,"{'sadness': 1.158601, 'joy': 0.6021255000000001, 'fear': 0.215131, 'disgust': 0.6834500000000001, 'anger': 0.1238635}","{'sadness': 0.3579805833333334, 'joy': 0.8177259166666666, 'fear': 0.23799891666666664, 'disgust': 0.3916109166666667, 'anger': 0.08837991666666667}",,,1.0210029,0.846034104,0.776517521
48,0.167466622,0.248756156,0.587238701,0.29605417,"{'sadness': 1.2461655972222223, 'joy': 0.30275821944444437, 'fear': 0.3193923777777778, 'disgust': 0.38086305555555555, 'anger': 0.6870142527777776}","{'sadness': 0.3086247499999998, 'joy': 0.38067623333333345, 'fear': 0.11926448333333335, 'disgust': 0.31409503333333333, 'anger': 0.35761035}",,,1.030863135,1.839735025,0.508503751
49,0.072448901,0.183022592,0.549587527,0.555068222,"{'sadness': 0.17244758333333327, 'joy': 0.43703628333333344, 'fear': 0.5006656333333334, 'disgust': 0.6238119166666667, 'anger': 1.0139762166666666}","{'sadness': 1.337728097222222, 'joy': 0.643421138888889, 'fear': 0.24182063888888894, 'disgust': 0.40317515277777777, 'anger': 0.14919608333333334}",,,0.456686446,0.701955282,0.581601029
50,0.250833333,0.251906941,0.50986454,0.19524368,"{'sadness': 1.1038026, 'joy': 0.7733885, 'fear': 0.3403206, 'disgust': 0.137748, 'anger': 0.19406299999999999}","{'sadness': 0.1510864722222223, 'joy': 0.6552684999999999, 'fear': 0.05933174444444446, 'disgust': 0.04167156666666667, 'anger': 0.0688601166666667}",,,0.537250721,0.69523303,0.643748213
51,0,0,0,0,0,0,,,1.871499322,0.275545579,0.567416383
52,0.09526216,0,0.712911533,0.7471624,"{'sadness': 0.8019700000000001, 'joy': 1.5978298333333334, 'fear': 0.4533541666666667, 'disgust': 0.18131133333333332, 'anger': 0.5300923333333333}","{'sadness': 0.5641369166666667, 'joy': 1.3786214166666666, 'fear': 0.28775591666666667, 'disgust': 0.48020358333333335, 'anger': 1.0250941666666664}",,,0.836373898,0.903998878,0.92696302
53,0,0,0.164707467,0.1640903,"{'sadness': 0.2340181666666667, 'joy': 0.32290283333333336, 'fear': 0.08431633333333333, 'disgust': 0.1676831666666666, 'anger': 0.014616833333333343}","{'sadness': 0.2112478333333333, 'joy': 0.06879783333333331, 'fear': 0.18743275, 'disgust': 0.27394583333333333, 'anger': 0.07902725}",,,0.805362271,0.762813912,0.328600511
54,0,0,0,1.324339117,0,"{'sadness': 3.4416095, 'joy': 0.7608841666666667, 'fear': 1.41967325, 'disgust': 0.2950166666666667, 'anger': 0.704512}",,,0.467384349,0.762813912,1.381468821
56,0.078046654,0.045436508,0.458554125,0.162141633,"{'sadness': 0.41480533333333347, 'joy': 0.2863702916666667, 'fear': 0.2655437916666667, 'disgust': 1.0566744999999997, 'anger': 0.26937670833333344}","{'sadness': 0.10381066666666666, 'joy': 0.14561666666666664, 'fear': 0.09786466666666668, 'disgust': 0.4611978333333333, 'anger': 0.002218333333333322}",,,0.09507348,0,0
57,0.197994987,0.121468927,0.371929,0.383856867,"{'sadness': 0.44369999999999993, 'joy': 0.6127998333333333, 'fear': 0.19914833333333332, 'disgust': 0.3063015, 'anger': 0.29769533333333337}","{'sadness': 0.6261458333333333, 'joy': 0.539383, 'fear': 0.12920016666666664, 'disgust': 0.22770316666666668, 'anger': 0.39685216666666673}",,,0,0,0.111759248
58,0.163034104,0.167720317,0.562523617,0.622686167,"{'sadness': 0.5388395833333335, 'joy': 0.1763846666666667, 'fear': 0.6966173333333334, 'disgust': 1.0290028333333332, 'anger': 0.3717736666666666}","{'sadness': 0.6841528333333333, 'joy': 0.2758356666666667, 'fear': 0.7111846666666668, 'disgust': 0.5646154999999998, 'anger': 0.8776421666666666}",,,0,0,0
59,0.16969697,0.253496503,0.194489978,0.480467072,"{'sadness': 0.45922850000000004, 'joy': 0.024649833333333343, 'fear': 0.12106361111111111, 'disgust': 0.06567544444444443, 'anger': 0.3018325}","{'sadness': 0.6665583611111112, 'joy': 0.21828522222222224, 'fear': 0.4628593888888889, 'disgust': 0.4360593333333333, 'anger': 0.6185730555555556}",,,0,0,0
60,0.194871795,0.030769231,0.1473694,0.284585733,"{'sadness': 0.39052450000000005, 'joy': 0.015540499999999999, 'fear': 0.05861999999999999, 'disgust': 0.043006, 'anger': 0.22915600000000003}","{'sadness': 0.341129, 'joy': 0.05263066666666666, 'fear': 0.38979966666666666, 'disgust': 0.14394933333333335, 'anger': 0.49542}",,,0.172766874,0.150480656,0
61,0.240883286,0.209285659,0.872731953,0.887145441,"{'sadness': 0.606274097222222, 'joy': 1.2368722083333332, 'fear': 0.9532282569444445, 'disgust': 0.9129916597222222, 'anger': 0.6542935416666666}","{'sadness': 0.7245130833333333, 'joy': 1.5042325555555558, 'fear': 0.5829929277777777, 'disgust': 0.8804798055555556, 'anger': 0.7435088333333333}",,,0,0,0
62,0.020833333,0.042613636,0.52173605,0.446629517,"{'sadness': 0.65901075, 'joy': 0.126328, 'fear': 0.31377175, 'disgust': 0.66828325, 'anger': 0.8412864999999998}","{'sadness': 0.3931525833333333, 'joy': 0.22276533333333334, 'fear': 0.32922225000000005, 'disgust': 0.36119125, 'anger': 0.9268161666666668}",,,0.091348888,0,0.023846082
63,0.243086778,0.300344023,0.84349675,0.682995717,"{'sadness': 0.9744674166666666, 'joy': 1.9340335, 'fear': 0.8203536666666666, 'disgust': 0.12585725, 'anger': 0.36277191666666675}","{'sadness': 0.7694924166666667, 'joy': 1.2850628333333334, 'fear': 0.48099316666666664, 'disgust': 0.2521551666666667, 'anger': 0.6272749999999999}",,,0.080825853,0.016420943,0
64,0.226340386,0.170869044,0.689567397,0.864105595,"{'sadness': 0.9491586222222222, 'joy': 0.46499143333333326, 'fear': 0.25227370000000005, 'disgust': 0.6047519055555555, 'anger': 1.1766613222222222}","{'sadness': 1.71236924, 'joy': 0.5405620355555555, 'fear': 0.32706993999999995, 'disgust': 0.5517452333333333, 'anger': 1.1887815266666664}",,,0,0,0.0288414
65,0,0.076167946,0.38254775,0.69791275,"{'sadness': 0.4458885, 'joy': 0.300249, 'fear': 0.18123875, 'disgust': 0.3634597500000001, 'anger': 0.6219027500000001}","{'sadness': 0.97194925, 'joy': 0.541177, 'fear': 0.17688725000000002, 'disgust': 0.43942, 'anger': 1.36013025}",,,0,0,0.011143609
66,0,0.412698413,0,0.3423298,0,"{'sadness': 0.41595024999999997, 'joy': 0.4930497499999999, 'fear': 0.24625675000000002, 'disgust': 0.333603, 'anger': 0.22278925000000002}",,,0,0,0
67,0.352179784,0.122129081,0.156787883,0.5557978,"{'sadness': 0.10098162500000002, 'joy': 0.1464582916666667, 'fear': 0.1561773333333333, 'disgust': 0.19202741666666673, 'anger': 0.18829474999999998}","{'sadness': 0.8752274833333333, 'joy': 0.2455032166666667, 'fear': 1.167863883333333, 'disgust': 0.2775747500000001, 'anger': 0.21281966666666666}",,,0.045753934,0.126310733,0
68,0.11031518,0.103001184,0.256944517,0.767120258,"{'sadness': 0.2313835833333334, 'joy': 0.2108303333333334, 'fear': 0.14899433333333334, 'disgust': 0.3891646666666667, 'anger': 0.30434966666666663}","{'sadness': 0.8544467083333334, 'joy': 0.5551950416666667, 'fear': 0.5585369166666667, 'disgust': 1.1944100416666665, 'anger': 0.6730125833333332}",,,0.059744612,0.064480038,0
69,0.24558642,0.178666667,0.524728583,0.271339,"{'sadness': 0.8963238333333333, 'joy': 0.17609741666666665, 'fear': 0.45227458333333326, 'disgust': 0.1742928333333333, 'anger': 0.92465425}","{'sadness': 0.32108533333333333, 'joy': 0.34124283333333333, 'fear': 0.24264033333333332, 'disgust': 0.03388599999999999, 'anger': 0.41784049999999995}",,,0,0,0
70,0.169882806,0.156199678,0.139884642,0.153978908,"{'sadness': 0.20504633333333339, 'joy': 0.113307875, 'fear': 0.08922879166666667, 'disgust': 0.12578733333333342, 'anger': 0.16605287499999993}","{'sadness': 0.13469983333333346, 'joy': 0.149293625, 'fear': 0.09707329166666667, 'disgust': 0.11392066666666667, 'anger': 0.27490712500000003}",,,0,0,0
71,0.067093685,0.068910256,0.517056967,0.801977925,"{'sadness': 0.6160124999999999, 'joy': 0.9172158333333333, 'fear': 0.18794816666666667, 'disgust': 0.4244863333333334, 'anger': 0.439622}","{'sadness': 0.9614007499999999, 'joy': 0.9382062500000001, 'fear': 0.595805125, 'disgust': 0.675052625, 'anger': 0.8394248750000001}",,,0,0,0
72,0.236032389,0.18778125,0.496146748,0.855155483,"{'sadness': 0.6635194166666665, 'joy': 0.370810079059829, 'fear': 0.2293805, 'disgust': 0.6339314764957265, 'anger': 0.5830922692307692}","{'sadness': 0.8985404166666666, 'joy': 0.9860521666666667, 'fear': 1.2390140833333332, 'disgust': 0.42352291666666664, 'anger': 0.7286478333333333}",,,0,0,0
74,0.226970203,0.049441786,0.552967333,0.2403546,"{'sadness': 1.756978666666667, 'joy': 0.3142641666666667, 'fear': 0.4852371666666666, 'disgust': 0.08098, 'anger': 0.1273766666666667}","{'sadness': 0.46281400000000006, 'joy': 0.44790466666666673, 'fear': 0.08372916666666666, 'disgust': 0.030832833333333337, 'anger': 0.17649233333333336}",,,0,0,0.028404251
75,0.105137823,0.345714534,0.339879195,0.396737,"{'sadness': 0.1581972833333333, 'joy': 0.5971928916666667, 'fear': 0.08754458333333333, 'disgust': 0.6516905333333334, 'anger': 0.20477068333333334}","{'sadness': 0.1467066333333333, 'joy': 0.8725628166666668, 'fear': 0.1502780833333333, 'disgust': 0.6244307833333334, 'anger': 0.18970668333333335}",,,0,0,0
76,0.04327364,0.106999269,0.399685631,0.038476033,"{'sadness': 1.1147942555194805, 'joy': 0.15589254123376622, 'fear': 0.042354174891774815, 'disgust': 0.35796505173160176, 'anger': 0.3274221333333333}","{'sadness': 0.0692672666666666, 'joy': 0.015734733333333327, 'fear': 0.02994781666666667, 'disgust': 0.014809050000000004, 'anger': 0.06262129999999999}",,,0.215095413,0.176084147,0.129197116
77,0.239057239,0.106238185,0.701061817,0.770114275,"{'sadness': 0.6056069166666667, 'joy': 0.2517723333333333, 'fear': 1.4025854166666667, 'disgust': 0.2246655833333333, 'anger': 1.0206788333333332}","{'sadness': 0.8224945, 'joy': 0.23198191666666673, 'fear': 1.164612625, 'disgust': 0.5194895, 'anger': 1.1119928333333333}",,,0,0,0
78,0.245122081,0.277737115,0.317441742,0.253423772,"{'sadness': 0.2207313194444444, 'joy': 0.3628218680555555, 'fear': 0.3538802291666667, 'disgust': 0.49004516666666664, 'anger': 0.159730125}","{'sadness': 0.2072649166666667, 'joy': 0.31155780555555557, 'fear': 0.06920122222222225, 'disgust': 0.49130700000000005, 'anger': 0.18778791666666667}",,,0,0,0
79,0.172383053,0.321147262,0.112968675,0.122273033,"{'sadness': 0.14302333333333334, 'joy': 0.14883491666666654, 'fear': 0.07997691666666666, 'disgust': 0.13427812500000003, 'anger': 0.05873008333333332}","{'sadness': 0.16282049999999998, 'joy': 0.21070850000000008, 'fear': 0.05293883333333334, 'disgust': 0.15337933333333337, 'anger': 0.031518000000000004}",,,0,0,0
80,0.113510853,0.165750639,0.4144348,0.518577321,"{'sadness': 0.4353758888888889, 'joy': 0.9718608333333333, 'fear': 0.1430592222222222, 'disgust': 0.38928805555555557, 'anger': 0.13258999999999999}","{'sadness': 0.5208398333333333, 'joy': 0.9987406458333332, 'fear': 0.29283895833333334, 'disgust': 0.5724369583333333, 'anger': 0.20803020833333336}",,,0,0.057079468,0
81,0,0.083272662,0.255488786,0.31985423,"{'sadness': 0.4153083928571428, 'joy': 0.01716349999999997, 'fear': 0.09307901785714287, 'disgust': 0.41449333928571425, 'anger': 0.3373996785714285}","{'sadness': 0.12114998214285716, 'joy': 0.26853904166666664, 'fear': 0.3252416071428571, 'disgust': 0.5962247142857144, 'anger': 0.28811580357142863}",,,0,0,0
82,0.232011885,0.237301587,0.674143678,0.70070565,"{'sadness': 0.6744676944444444, 'joy': 0.2838206111111111, 'fear': 0.9731084722222222, 'disgust': 1.0100455277777776, 'anger': 0.42927608333333334}","{'sadness': 0.3733381666666667, 'joy': 0.7709225833333333, 'fear': 1.1300283333333334, 'disgust': 0.7885091666666666, 'anger': 0.44072999999999996}",,,0,0,0
83,0.285440684,0.124168724,0.434529456,0.6778672,"{'sadness': 0.6006396666666666, 'joy': 0.3868033333333334, 'fear': 0.10937030555555555, 'disgust': 0.7972221666666667, 'anger': 0.27861180555555565}","{'sadness': 0.9231483333333332, 'joy': 0.5946074166666666, 'fear': 0.4781994166666666, 'disgust': 0.5167128333333333, 'anger': 0.876668}",,,0,0,0
84,0.706552707,0.377224281,0.1528851,0.435114683,"{'sadness': 0.21765000000000004, 'joy': 0.19820449999999995, 'fear': 0.024861999999999995, 'disgust': 0.2809195, 'anger': 0.04278950000000001}","{'sadness': 0.4648213333333333, 'joy': 0.5742695833333333, 'fear': 0.13339233333333333, 'disgust': 0.83281725, 'anger': 0.17027291666666666}",,,0,0,0
85,0.234848485,0.684438984,0.651879822,0.111601933,"{'sadness': 0.5182087222222223, 'joy': 0.9324907777777777, 'fear': 0.29284227777777777, 'disgust': 0.6104013333333334, 'anger': 0.9054559999999999}","{'sadness': 0.18762933333333323, 'joy': 0.04942633333333335, 'fear': 0.07980833333333334, 'disgust': 0.1360073333333333, 'anger': 0.10513833333333333}",,,0.075344941,0.186262321,0.30937435
86,0.229467737,0.210526316,0.184091295,0.172848705,"{'sadness': 0.13994215340909094, 'joy': 0.3424852670454546, 'fear': 0.0562890909090909, 'disgust': 0.24709360227272725, 'anger': 0.13464636363636365}","{'sadness': 0.1802479090909091, 'joy': 0.3981742954545454, 'fear': 0.0773509090909091, 'disgust': 0.12396827272727272, 'anger': 0.08450213636363635}",,,0,0,0
87,0.196048763,0.564285714,0.13007489,0.1263063,"{'sadness': 0.13186546666666665, 'joy': 0.18730188333333336, 'fear': 0.06789921666666669, 'disgust': 0.1118981, 'anger': 0.15140978333333333}","{'sadness': 0.20793416666666664, 'joy': 0.0879091666666667, 'fear': 0.04114633333333335, 'disgust': 0.08244549999999999, 'anger': 0.21209633333333336}",,,0,0,0
88,0.140227347,0.03908046,0.227692565,0.0666504,"{'sadness': 0.41561633333333325, 'joy': 0.3496295674603175, 'fear': 0.06414307936507938, 'disgust': 0.1799054841269841, 'anger': 0.12916836111111113}","{'sadness': 0.11439294444444442, 'joy': 0.09597388888888891, 'fear': 0.0004422777777777845, 'disgust': 0.0961601111111111, 'anger': 0.02628277777777778}",,,0.394924077,0,0.240025338
89,0.097574254,0.077267371,0.830961333,0.995300893,"{'sadness': 0.8287493333333337, 'joy': 0.8607195000000001, 'fear': 0.20848750000000005, 'disgust': 0.603671, 'anger': 1.6531793333333333}","{'sadness': 1.8431120166666668, 'joy': 1.1267339666666667, 'fear': 0.45546024999999996, 'disgust': 0.5527859500000001, 'anger': 0.9984122833333333}",,,0,0,0
90,0.266066245,0.491987179,0.44340423,0.21279722,"{'sadness': 0.38642095000000004, 'joy': 0.8173299000000003, 'fear': 0.36035235, 'disgust': 0.37547070000000005, 'anger': 0.27744725000000003}","{'sadness': 0.1764087, 'joy': 0.5162333000000001, 'fear': 0.04037140000000001, 'disgust': 0.041524599999999995, 'anger': 0.2894481}",,,0.340810624,0,0.062043734
91,0.202006453,0.169642267,0.324054185,0.261008206,"{'sadness': 0.6745923216931217, 'joy': 0.4480869529100528, 'fear': 0.14825279417989423, 'disgust': 0.29031227460317455, 'anger': 0.05902658253968254}","{'sadness': 0.5379731309523808, 'joy': 0.24082692857142848, 'fear': 0.03387842857142857, 'disgust': 0.2226202142857143, 'anger': 0.2697423273809525}",,,0,0,0
92,0.018846972,0.119791667,0.2126979,0.2910917,"{'sadness': 0.30955125, 'joy': 0.13762224999999995, 'fear': 0.05577675, 'disgust': 0.12365275, 'anger': 0.43688649999999996}","{'sadness': 0.6305138333333333, 'joy': 0.16331150000000005, 'fear': 0.1620845, 'disgust': 0.148202, 'anger': 0.35134666666666664}",,,0,0,0
93,0.293166383,0.319871281,0.505505617,0.381691298,"{'sadness': 0.7077495000000001, 'joy': 1.0609050380952383, 'fear': 0.10850490952380953, 'disgust': 0.3478185047619048, 'anger': 0.3025501333333333}","{'sadness': 0.3495717380952381, 'joy': 1.0810335857142859, 'fear': 0.0666161476190476, 'disgust': 0.23040550476190474, 'anger': 0.18082951428571428}",,,0.154910991,0,0
94,0.221230745,0.26062965,0.416056159,0.462510828,"{'sadness': 0.531879411111111, 'joy': 0.2697082388888889, 'fear': 0.7131430222222223, 'disgust': 0.24451291666666664, 'anger': 0.3210372055555556}","{'sadness': 1.0758324833333333, 'joy': 0.08554740000000004, 'fear': 0.709989325, 'disgust': 0.11480436666666664, 'anger': 0.32638056666666665}",,,0.018602682,0,0
95,0.176719577,0.126035101,0.323048267,0.54696595,"{'sadness': 0.35417850000000006, 'joy': 0.4534583333333334, 'fear': 0.1836241666666667, 'disgust': 0.12859933333333337, 'anger': 0.4953810000000001}","{'sadness': 0.5358265, 'joy': 0.6644637499999999, 'fear': 0.38350125000000007, 'disgust': 0.2869325, 'anger': 0.86410575}",,,0,0,0
96,0.261718021,0.213673618,0.105899533,0.307792467,"{'sadness': 0.18619783333333334, 'joy': 0.2762326666666666, 'fear': 0.010749500000000002, 'disgust': 0.04600966666666666, 'anger': 0.010308000000000025}","{'sadness': 0.19425950000000003, 'joy': 0.339338375, 'fear': 0.122833875, 'disgust': 0.8497506666666665, 'anger': 0.03277991666666667}",,,0,0,0
97,0.081857814,0,0.706493611,0,"{'sadness': 0.49688267222222215, 'joy': 1.3398021111111111, 'fear': 0.3044089944444444, 'disgust': 1.1673139583333334, 'anger': 0.2240603194444445}",0,,,0,0,0.008076604
98,0.259230593,0.307040998,0.461475617,0.112894,"{'sadness': 0.38026799999999994, 'joy': 0.44128141666666665, 'fear': 0.7799942499999999, 'disgust': 0.18683400000000003, 'anger': 0.5190004166666666}","{'sadness': 0.14871049999999997, 'joy': 0.0949015, 'fear': 0.06674599999999997, 'disgust': 0.05959150000000002, 'anger': 0.19452049999999999}",,,0,0,0
99,0,0.334126984,0.450807625,0.596240683,"{'sadness': 0.7398197500000001, 'joy': 0.02999175, 'fear': 0.87899125, 'disgust': 0.38713362500000004, 'anger': 0.21810175000000015}","{'sadness': 1.0365752500000003, 'joy': 0.18499175, 'fear': 0.5876438333333334, 'disgust': 0.6202261666666667, 'anger': 0.5517664166666667}",,,0,0,0
100,0.132927598,0.307016678,0.422992269,0.20112888,"{'sadness': 0.5786835333333333, 'joy': 1.0051467777777778, 'fear': 0.2988046111111111, 'disgust': 0.06540843333333334, 'anger': 0.16691798888888887}","{'sadness': 0.24610110000000007, 'joy': 0.40572010000000003, 'fear': 0.24158929999999995, 'disgust': 0.07567189999999999, 'anger': 0.036562000000000004}",,,0.074787184,0,0.245455086
